salesperson_id,product_id,state,city,customer_id,company_id,source_id,price,metric,tons,mode_id,terms,ship_start,completed,
9,3,IL,,139,34,172,126.88,$/st,25,2,FOB,17-Aug,yes,190
9,3,IL,,139,34,172,131.88,$/st,675,2,FOB,17-Aug,yes,190
9,3,IL,,139,34,172,162.5,$/st,675,2,FOB,17-Jun,yes,190
9,3,IL,,139,34,172,215,$/st,200,2,FOB,17-Mar,yes,190
9,3,IL,,139,34,172,210,$/st,3125,2,FOB,17-Mar,no,190
9,3,IL,,139,34,172,169.38,$/st,200,2,FOB,17-Feb,yes,190
9,3,IL,,139,34,172,210,$/st,675,2,FOB,17-Feb,yes,190
9,3,IL,,139,34,172,116.88,$/st,200,2,FOB,17-Aug,no,190
9,3,IL,,139,34,172,200,$/st,25,2,FOB,17-Apr,yes,190
9,3,IL,,139,34,172,184.38,$/st,3125,2,FOB,17-Jan,yes,190
9,3,IL,,139,34,172,179.38,$/st,25,2,FOB,17-Feb,yes,190
9,3,IL,,139,34,172,165,$/st,3125,2,FOB,17-Jan,no,190
9,3,IL,,139,34,172,215,$/st,25,2,FOB,17-Mar,yes,190
9,3,IL,,139,34,172,169.38,$/st,675,2,FOB,17-Mar,yes,190
9,3,IL,,139,34,172,189.38,$/st,25,2,FOB,17-Feb,yes,190
9,3,IL,,139,34,172,140,$/st,675,2,FOB,17-Sep,yes,190
9,3,IL,,139,34,172,131.88,$/st,3125,2,FOB,17-Nov,yes,190
9,3,IL,,139,34,172,152.5,$/st,200,2,FOB,17-Jun,yes,190
9,3,IL,,139,34,172,195,$/st,25,2,FOB,17-Jan,yes,190
9,3,IL,,139,34,172,200,$/st,25,2,FOB,17-Feb,no,190
9,3,IL,,139,34,172,136.88,$/st,25,2,FOB,17-Aug,yes,190
9,3,IL,,139,34,172,184.38,$/st,25,2,FOB,17-Jan,no,190
9,3,IL,,139,34,172,147.5,$/st,25,2,FOB,17-Jun,no,190
9,3,IL,,139,34,172,131.88,$/st,1600,2,FOB,17-Jul,no,190
9,3,IL,,139,34,172,184.38,$/st,200,2,FOB,17-Mar,no,190
9,3,IL,,139,34,172,131.88,$/st,5400,2,FOB,17-Oct,yes,190
9,3,IL,,139,34,172,180.63,$/st,25,2,FOB,17-May,yes,190
9,3,IL,,139,34,172,184.38,$/st,25,2,FOB,17-Feb,yes,190
9,3,IL,,139,34,172,195,$/st,675,2,FOB,17-Feb,yes,190
9,3,IL,,139,34,172,157.5,$/st,25,2,FOB,17-Jun,yes,190
9,3,IL,,139,34,172,189.38,$/st,675,2,FOB,17-Mar,yes,190
9,3,IL,,139,34,172,205,$/st,200,2,FOB,17-Mar,no,190
9,3,IL,,139,34,172,121.88,$/st,25,2,FOB,17-Aug,yes,190
9,3,IL,,139,34,172,136.88,$/st,675,2,FOB,17-Jul,no,190
9,3,IL,,139,34,172,116.88,$/st,3125,2,FOB,17-Oct,yes,190
9,3,IL,,139,34,172,169.38,$/st,25,2,FOB,17-Feb,yes,190
9,3,IL,,139,34,172,169.38,$/st,1600,2,FOB,17-Feb,no,190
9,3,IL,,139,34,172,200,$/st,200,2,FOB,17-Mar,no,190
9,3,IL,,139,34,172,215,$/st,25,2,FOB,17-Feb,yes,190
9,3,IL,,139,34,172,175,$/st,675,2,FOB,17-Jun,yes,190
9,3,IL,,139,34,172,205,$/st,1600,2,FOB,17-Mar,yes,190
9,3,IL,,139,34,172,215,$/st,1600,2,FOB,17-Apr,yes,190
9,3,IL,,139,34,172,210,$/st,25,2,FOB,17-Jan,yes,190
9,3,IL,,139,34,172,195,$/st,25,2,FOB,17-Feb,yes,190
9,3,IL,,139,34,172,167.5,$/st,200,2,FOB,17-Jun,yes,190
9,3,IL,,139,34,172,189.83,$/st,25,2,FOB,17-Mar,no,190
9,3,IL,,139,34,172,169.38,$/st,675,2,FOB,17-Jan,yes,190
9,3,IL,,139,34,172,179.38,$/st,200,2,FOB,17-Mar,yes,190
9,3,IL,,139,34,172,145,$/st,25,2,FOB,17-Nov,yes,190
9,3,IL,,139,34,172,136.88,$/st,200,2,FOB,17-Oct,yes,190
9,3,IL,,139,34,172,175,$/st,675,2,FOB,17-Jan,no,190
9,3,IL,,139,34,172,126.88,$/st,25,2,FOB,17-Jul,yes,190
9,3,IL,,139,34,172,189.38,$/st,3125,2,FOB,17-Mar,yes,190
9,3,IL,,139,34,172,189.38,$/st,1600,2,FOB,17-Jan,no,190
9,3,IL,,139,34,172,189.38,$/st,675,2,FOB,17-Feb,yes,190
9,3,IL,,139,34,172,179.38,$/st,3125,2,FOB,17-Feb,no,190
9,3,IL,,139,34,172,195,$/st,200,2,FOB,17-Apr,yes,190
9,3,IL,,139,34,172,205,$/st,200,2,FOB,17-Feb,yes,190
9,3,IL,,139,34,172,174.38,$/st,25,2,FOB,17-Feb,yes,190
9,3,IL,,139,34,172,210,$/st,675,2,FOB,17-Mar,yes,190
9,3,IL,,139,34,172,190,$/st,675,2,FOB,17-Jun,yes,190
9,3,IL,,139,34,172,170,$/st,200,2,FOB,17-Jan,no,190
9,3,IL,,139,34,172,179.83,$/st,675,2,FOB,17-Mar,no,190
9,3,IL,,139,34,172,179.38,$/st,1600,2,FOB,17-Jan,no,190
9,3,IL,,139,34,172,175.63,$/st,675,2,FOB,17-May,yes,190
9,3,IL,,139,34,172,121.88,$/st,200,2,FOB,17-Oct,yes,190
9,3,IL,,139,34,172,179.38,$/st,25,2,FOB,17-Jan,yes,190
9,3,IL,,139,34,172,174.38,$/st,200,2,FOB,17-Feb,yes,190
9,3,IL,,139,34,172,155,$/st,25,2,FOB,17-Sep,yes,190
9,3,IL,,139,34,172,174.38,$/st,200,2,FOB,17-Jan,yes,190
9,3,IL,,139,34,172,169.38,$/st,1600,2,FOB,17-Jan,no,190
9,3,IL,,139,34,172,174.38,$/st,25,2,FOB,17-Jan,yes,190
9,3,IL,,139,34,172,126.88,$/st,3125,2,FOB,17-Oct,yes,190
9,3,IL,,139,34,172,126.88,$/st,3125,2,FOB,17-Nov,yes,190
9,3,IL,,139,34,172,121.88,$/st,675,2,FOB,17-Jul,yes,190
9,3,IL,,139,34,172,200,$/st,25,2,FOB,17-Jan,yes,190
9,3,IL,,139,34,172,174.38,$/st,1600,2,FOB,17-Mar,yes,190
9,3,IL,,139,34,172,121.88,$/st,1600,2,FOB,17-Nov,yes,190
9,3,IL,,139,34,172,215,$/st,200,2,FOB,17-Jan,yes,190
9,3,IL,,139,34,172,174.83,$/st,3125,2,FOB,17-Mar,yes,190
9,3,IL,,139,34,172,169.38,$/st,200,2,FOB,17-Mar,no,190
9,3,IL,,139,34,172,189.38,$/st,200,2,FOB,17-Feb,yes,190
9,3,IL,,139,34,172,205,$/st,200,2,FOB,17-Apr,no,190
9,3,IL,,139,34,172,185,$/st,25,2,FOB,17-Jan,no,190
9,3,IL,,139,34,172,184.83,$/st,5400,2,FOB,17-Mar,yes,190
9,3,IL,,139,34,172,179.38,$/st,200,2,FOB,17-Feb,no,190
9,3,IL,,139,34,172,184.38,$/st,200,2,FOB,17-Jan,yes,190
9,3,IL,,139,34,172,174.38,$/st,5400,2,FOB,17-Feb,yes,190
9,3,IL,,139,34,172,180,$/st,675,2,FOB,17-Jun,yes,190
9,3,IL,,139,34,172,174.38,$/st,200,2,FOB,17-Mar,yes,190
9,3,IL,,139,34,172,210,$/st,25,2,FOB,17-Feb,yes,190
9,3,IL,,139,34,172,184.38,$/st,200,2,FOB,17-Mar,no,190
9,3,IL,,139,34,172,116.88,$/st,200,2,FOB,17-Jul,yes,190
9,3,IL,,139,34,172,170.63,$/st,200,2,FOB,17-May,yes,190
9,3,IL,,139,34,172,184.38,$/st,200,2,FOB,17-Feb,yes,190
9,3,IL,,139,34,172,189.38,$/st,200,2,FOB,17-Jan,no,190
9,3,IL,,139,34,172,205,$/st,1600,2,FOB,17-Jan,no,190
9,3,IL,,139,34,172,184.38,$/st,200,2,FOB,17-Feb,yes,190
9,3,IL,,139,34,172,169.83,$/st,3125,2,FOB,17-Mar,no,190
9,3,IL,,139,34,172,150,$/st,25,2,FOB,17-Nov,yes,190
9,3,IL,,139,34,172,210,$/st,675,2,FOB,17-Apr,no,190
9,3,IL,,139,34,172,195,$/st,675,2,FOB,17-Mar,yes,190
9,3,IL,,139,34,172,165.63,$/st,200,2,FOB,17-May,yes,190
9,3,IL,,139,34,172,179.38,$/st,200,2,FOB,17-Jan,yes,190
9,3,IL,,139,34,172,174.38,$/st,200,2,FOB,17-Jan,yes,190
9,3,IL,,139,34,172,136.88,$/st,200,2,FOB,17-Nov,yes,190
9,3,IL,,139,34,172,169.38,$/st,200,2,FOB,17-Feb,no,190
9,3,IL,,139,34,172,169.38,$/st,25,2,FOB,17-Jan,yes,190
9,3,IL,,139,34,172,135,$/st,1600,2,FOB,17-Sep,yes,190
9,3,IL,,139,34,172,135,$/st,25,2,FOB,17-Nov,yes,190
9,3,IL,,139,34,172,184.38,$/st,25,2,FOB,17-Jan,yes,190
9,3,IL,,139,34,172,179.38,$/st,1600,2,FOB,17-Mar,yes,190
9,3,IL,,139,34,172,174.38,$/st,25,2,FOB,17-Feb,yes,190
9,3,IL,,139,34,172,150,$/st,3125,2,FOB,17-Sep,yes,190
9,3,IL,,139,34,172,200,$/st,675,2,FOB,17-Mar,no,190
9,3,IL,,139,34,172,174.38,$/st,3125,2,FOB,17-Jan,yes,190
9,3,IL,,139,34,172,116.88,$/st,200,2,FOB,17-Nov,yes,190
9,3,IL,,139,37,274,170,$/st,25,2,FOB,17-Jan,no,190
9,3,IL,,139,37,274,205,$/st,200,2,FOB,17-Feb,yes,190
9,3,IL,,139,37,274,141.88,$/st,200,2,FOB,17-Aug,no,190
9,3,IL,,139,37,274,179.38,$/st,200,2,FOB,17-Mar,no,190
9,3,IL,,139,37,274,121.88,$/st,25,2,FOB,17-Aug,no,190
9,3,IL,,139,37,274,159.38,$/st,675,2,FOB,17-Feb,no,190
9,3,IL,,139,37,274,220,$/st,675,2,FOB,17-Mar,no,190
9,3,IL,,139,37,274,126.88,$/st,675,2,FOB,17-Aug,no,190
9,3,IL,,139,37,274,210,$/st,675,2,FOB,17-Feb,no,190
9,3,IL,,139,37,274,159.38,$/st,25,2,FOB,17-Jan,no,190
9,3,IL,,139,37,274,200,$/st,25,2,FOB,17-Mar,yes,190
9,3,IL,,139,37,274,205,$/st,25,2,FOB,17-Jan,no,190
9,3,IL,,139,37,274,150,$/st,675,2,FOB,17-Sep,no,190
9,3,IL,,139,37,274,200,$/st,25,2,FOB,17-Apr,yes,190
9,3,IL,,139,37,274,111.88,$/st,200,2,FOB,17-Jul,no,190
9,3,IL,,139,37,274,199.38,$/st,25,2,FOB,17-Feb,no,190
9,3,IL,,139,37,274,136.88,$/st,3125,2,FOB,17-Aug,yes,190
9,3,IL,,139,37,274,184.38,$/st,200,2,FOB,17-Jan,no,190
9,3,IL,,139,37,274,184.38,$/st,25,2,FOB,17-Feb,no,190
9,3,IL,,139,37,274,184.38,$/st,1600,2,FOB,17-Jan,no,190
9,3,IL,,139,37,274,164.83,$/st,25,2,FOB,17-Mar,no,190
9,3,IL,,139,37,274,125,$/st,1600,2,FOB,17-Sep,no,190
9,3,IL,,139,37,274,189.38,$/st,3125,2,FOB,17-Mar,yes,190
9,3,IL,,139,37,274,136.88,$/st,25,2,FOB,17-Nov,no,190
9,3,IL,,139,37,274,210,$/st,1600,2,FOB,17-Mar,yes,190
9,3,IL,,139,45,319,220,$/st,200,2,FOB,17-Mar,no,190
9,3,IL,,139,45,319,210,$/st,1600,2,FOB,17-Feb,yes,190
9,3,IL,,139,45,319,169.38,$/st,5400,2,FOB,17-Mar,no,190
9,3,IL,,139,45,319,131.88,$/st,1600,2,FOB,17-Nov,no,190
9,3,IL,,139,45,319,136.88,$/st,25,2,FOB,17-Jul,no,190
9,3,IL,,139,45,319,160,$/st,675,2,FOB,17-Jul,no,190
9,3,IL,,139,45,319,205,$/st,200,2,FOB,17-Feb,no,190
9,3,IL,,139,45,319,194.38,$/st,675,2,FOB,17-Feb,no,190
9,3,IL,,139,45,319,200,$/st,1600,2,FOB,17-Mar,no,190
9,3,IL,,139,45,319,225,$/st,675,2,FOB,17-Apr,yes,190
9,3,IL,,139,45,319,190,$/st,25,2,FOB,17-Apr,no,190
9,3,IL,,139,45,319,121.88,$/st,675,2,FOB,17-Nov,yes,190
9,3,IL,,139,45,319,195,$/st,200,2,FOB,17-Feb,yes,190
9,3,IL,,139,45,319,189.38,$/st,200,2,FOB,17-Mar,no,190
9,3,IL,,139,45,319,159.38,$/st,200,2,FOB,17-Feb,no,190
9,3,IL,,139,45,319,131.88,$/st,200,2,FOB,17-Aug,no,190
9,3,IL,,139,45,319,179.38,$/st,200,2,FOB,17-Feb,no,190
9,3,IL,,139,45,319,180,$/st,25,2,FOB,17-Jun,no,190
9,3,IL,,139,45,319,179.38,$/st,675,2,FOB,17-Mar,no,190
9,3,IL,,139,45,319,195,$/st,25,2,FOB,17-Jun,no,190
9,3,IL,,139,45,319,140,$/st,675,2,FOB,17-Sep,no,190
9,3,IL,,139,45,319,152.5,$/st,200,2,FOB,17-Jun,yes,190
9,3,IL,,139,47,321,205,$/st,25,2,FOB,17-Apr,no,190
9,3,IL,,139,47,321,184.38,$/st,200,2,FOB,17-Feb,yes,190
9,3,IL,,139,47,321,145,$/st,25,2,FOB,17-Sep,no,190
9,3,IL,,139,47,321,175,$/st,200,2,FOB,17-Jul,no,190
9,3,IL,,139,47,321,136.88,$/st,25,2,FOB,17-Aug,yes,190
9,3,IL,,139,47,321,199.38,$/st,3125,2,FOB,17-Feb,yes,190
9,3,IL,,139,47,321,174.38,$/st,200,2,FOB,17-Mar,yes,190
9,3,IL,,139,47,321,179.38,$/st,25,2,FOB,17-Mar,no,190
9,3,IL,,139,47,321,200,$/st,1600,2,FOB,17-Feb,no,190
9,3,IL,,139,47,321,147.5,$/st,200,2,FOB,17-Jun,yes,190
9,3,IL,,139,47,321,164.38,$/st,200,2,FOB,17-Feb,no,190
9,3,IL,,139,47,321,164.38,$/st,3125,2,FOB,17-Jan,yes,190
9,3,IL,,139,47,321,220,$/st,25,2,FOB,17-Jan,no,190
9,3,IL,,139,47,321,146.88,$/st,200,2,FOB,17-Jul,yes,190
9,3,IL,,139,47,321,174.38,$/st,200,2,FOB,17-Jan,no,190
9,3,IL,,139,47,321,146.88,$/st,25,2,FOB,17-Oct,yes,190
9,3,IL,,139,47,321,170.63,$/st,200,2,FOB,17-May,no,190
9,3,IL,,139,47,321,141.88,$/st,25,2,FOB,17-Aug,no,190
9,3,IL,,139,47,321,195,$/st,25,2,FOB,17-Mar,no,190
9,3,IL,,139,47,321,144.38,$/st,25,2,FOB,17-Jul,yes,190
9,3,IL,,139,47,321,174.38,$/st,25,2,FOB,17-Jan,no,190
9,3,IL,,139,47,321,200,$/st,25,2,FOB,17-Mar,no,190
9,3,IL,,139,47,321,141.88,$/st,25,2,FOB,17-Oct,no,190
9,3,IL,,139,47,321,169.38,$/st,675,2,FOB,17-Jan,no,190
9,3,IL,,139,47,321,111.88,$/st,25,2,FOB,17-Aug,no,190
9,3,IL,,139,47,321,131.88,$/st,200,2,FOB,17-Aug,no,190
5,3,IL,,81,34,172,180,$/st,25,2,FOB,17-Jul,yes,189
5,3,IL,,81,34,172,195,$/st,25,2,FOB,17-Jan,no,189
5,3,IL,,81,34,172,200,$/st,675,2,FOB,17-Feb,yes,189
5,3,IL,,81,34,172,200,$/st,200,2,FOB,17-Jan,yes,189
5,3,IL,,81,34,172,215,$/st,200,2,FOB,17-Feb,yes,189
5,3,IL,,81,34,172,165,$/st,675,2,FOB,17-Jun,yes,189
5,3,IL,,81,34,172,165,$/st,675,2,FOB,17-Jun,yes,189
5,3,IL,,81,34,172,210,$/st,25,2,FOB,17-Jan,yes,189
5,3,IL,,81,34,172,215,$/st,200,2,FOB,17-Feb,no,189
5,3,IL,,81,34,172,165,$/st,25,2,FOB,17-Jun,yes,189
5,3,IL,,81,34,172,215,$/st,25,2,FOB,17-Feb,yes,189
5,3,IL,,81,34,172,170,$/st,200,2,FOB,17-Jun,no,189
5,3,IL,,81,34,172,205,$/st,25,2,FOB,17-Jan,yes,189
5,3,IL,,81,34,172,185,$/st,25,2,FOB,17-Jun,yes,189
5,3,IL,,81,34,172,185,$/st,675,2,FOB,17-Jul,no,189
5,3,IL,,81,34,172,180,$/st,200,2,FOB,17-Jun,yes,189
5,3,IL,,81,34,172,150,$/st,675,2,FOB,17-Jul,yes,189
5,3,IL,,81,34,172,215,$/st,675,2,FOB,17-Feb,yes,189
5,3,IL,,81,34,172,205,$/st,200,2,FOB,17-Mar,yes,189
5,3,IL,,81,34,172,165,$/st,3125,2,FOB,17-Jun,yes,189
5,3,IL,,81,34,172,170,$/st,3125,2,FOB,17-Jul,yes,189
5,3,IL,,81,34,172,210,$/st,200,2,FOB,17-Jan,yes,189
5,3,IL,,81,34,172,205,$/st,25,2,FOB,17-Jan,yes,189
5,3,IL,,81,34,172,205,$/st,675,2,FOB,17-Feb,no,189
5,3,IL,,81,34,172,175,$/st,200,2,FOB,17-Jun,yes,189
5,3,IL,,81,34,172,175,$/st,200,2,FOB,17-Jun,yes,189
5,3,IL,,81,34,172,205,$/st,3125,2,FOB,17-Feb,yes,189
5,3,IL,,81,34,172,165,$/st,675,2,FOB,17-Jul,yes,189
5,3,IL,,81,34,172,210,$/st,200,2,FOB,17-Feb,yes,189
5,3,IL,,81,34,172,200,$/st,200,2,FOB,17-Feb,yes,189
5,3,IL,,81,34,172,175,$/st,25,2,FOB,17-Jul,yes,189
5,3,IL,,81,34,172,140,$/st,25,2,FOB,17-Jul,no,189
5,3,IL,,81,34,172,180,$/st,25,2,FOB,17-Jun,no,189
5,3,IL,,81,34,172,155,$/st,675,2,FOB,17-Jul,yes,189
5,3,IL,,81,34,172,210,$/st,200,2,FOB,17-Feb,no,189
5,3,IL,,81,34,172,195,$/st,25,2,FOB,17-Jan,yes,189
5,3,IL,,81,34,172,135,$/st,25,2,FOB,17-Aug,yes,189
5,3,IL,,81,34,172,178,$/st,675,2,FOB,17-Jun,no,189
5,3,IL,,81,34,172,200,$/st,675,2,FOB,17-Feb,yes,189
5,3,IL,,81,34,172,205,$/st,25,2,FOB,17-Mar,no,189
5,3,IL,,81,34,172,180,$/st,3125,2,FOB,17-Jul,yes,189
5,3,IL,,81,34,172,200,$/st,675,2,FOB,17-Jan,no,189
5,3,IL,,81,34,172,210,$/st,200,2,FOB,17-Jan,no,189
5,3,IL,,81,34,172,190,$/st,200,2,FOB,17-Jan,yes,189
5,3,IL,,81,34,172,195,$/st,3125,2,FOB,17-Feb,yes,189
5,3,IL,,81,34,172,145,$/st,200,2,FOB,17-Jul,yes,189
5,3,IL,,81,34,172,200,$/st,1600,2,FOB,17-Feb,yes,189
5,3,IL,,81,34,172,165,$/st,3125,2,FOB,17-Jul,yes,189
5,3,IL,,81,34,172,210,$/st,25,2,FOB,17-Jan,yes,189
5,3,IL,,81,34,172,170,$/st,25,2,FOB,17-Jul,no,189
5,3,IL,,81,34,172,170,$/st,1600,2,FOB,17-Jun,yes,189
5,3,IL,,81,34,172,145,$/st,200,2,FOB,17-Aug,yes,189
5,3,IL,,81,34,172,175,$/st,1600,2,FOB,17-Jun,no,189
5,3,IL,,81,34,172,210,$/st,25,2,FOB,17-Feb,yes,189
5,3,IL,,81,34,172,200,$/st,25,2,FOB,17-Jan,yes,189
5,3,IL,,81,34,172,180,$/st,25,2,FOB,17-Jun,yes,189
5,3,IL,,81,34,172,200,$/st,1600,2,FOB,17-Feb,yes,189
5,3,IL,,81,34,172,170,$/st,675,2,FOB,17-Jun,no,189
5,3,IL,,81,34,172,170,$/st,5400,2,FOB,17-Jun,yes,189
5,3,IL,,81,34,172,185,$/st,25,2,FOB,17-Jun,yes,189
5,3,IL,,81,34,172,205,$/st,25,2,FOB,17-Feb,yes,189
5,3,IL,,81,34,172,168,$/st,675,2,FOB,17-Jun,yes,189
5,3,IL,,81,34,172,215,$/st,1600,2,FOB,17-Mar,yes,189
5,3,IL,,81,34,172,190,$/st,200,2,FOB,17-Mar,yes,189
5,3,IL,,81,34,172,150,$/st,200,2,FOB,17-Aug,no,189
5,3,IL,,81,34,172,195,$/st,25,2,FOB,17-Feb,yes,189
5,3,IL,,81,34,172,170,$/st,25,2,FOB,17-Jun,yes,189
5,3,IL,,81,34,172,163,$/st,675,2,FOB,17-Jun,yes,189
5,3,IL,,81,34,172,185,$/st,1600,2,FOB,17-Jun,yes,189
5,3,IL,,81,34,172,200,$/st,25,2,FOB,17-Mar,yes,189
5,3,IL,,81,34,172,195,$/st,25,2,FOB,17-Jan,yes,189
5,3,IL,,81,34,172,175,$/st,1600,2,FOB,17-Jun,yes,189
5,3,IL,,81,34,172,190,$/st,1600,2,FOB,17-Jan,yes,189
5,3,IL,,81,34,172,195,$/st,3125,2,FOB,17-Mar,yes,189
5,3,IL,,81,34,172,175,$/st,25,2,FOB,17-Jul,yes,189
5,3,IL,,81,34,172,140,$/st,3125,2,FOB,17-Aug,yes,189
5,3,IL,,81,34,172,180,$/st,5400,2,FOB,17-Jun,yes,189
5,3,IL,,81,34,172,185,$/st,5400,2,FOB,17-Jul,no,189
5,3,IL,,81,34,172,205,$/st,25,2,FOB,17-Jan,no,189
5,3,IL,,81,34,172,200,$/st,675,2,FOB,17-Mar,yes,189
5,3,IL,,81,34,172,195,$/st,5400,2,FOB,17-Feb,yes,189
5,3,IL,,81,34,172,210,$/st,25,2,FOB,17-Mar,yes,189
5,3,IL,,81,34,172,205,$/st,25,2,FOB,17-Jan,yes,189
5,3,IL,,81,34,172,165,$/st,200,2,FOB,17-Jun,yes,189
5,3,IL,,81,34,172,195,$/st,25,2,FOB,17-Jan,yes,189
5,3,IL,,81,34,172,155,$/st,200,2,FOB,17-Aug,yes,189
5,3,IL,,81,34,172,210,$/st,5400,2,FOB,17-Feb,no,189
5,3,IL,,81,34,172,215,$/st,200,2,FOB,17-Feb,yes,189
5,3,IL,,81,34,172,158,$/st,200,2,FOB,17-Jun,yes,189
5,3,IL,,81,34,172,190,$/st,1600,2,FOB,17-Jan,no,189
5,3,IL,,81,34,172,205,$/st,1600,2,FOB,17-Feb,yes,189
5,3,IL,,81,34,172,210,$/st,25,2,FOB,17-Feb,no,189
5,3,IL,,81,34,172,135,$/st,25,2,FOB,17-Jul,yes,189
5,3,IL,,81,34,172,195,$/st,25,2,FOB,17-Feb,yes,189
5,3,IL,,81,34,165,202,$/st,675,2,FOB,17-Jun,yes,189
5,3,IL,,81,34,165,165,$/st,3125,2,FOB,17-Jul,yes,189
5,3,IL,,81,34,165,175,$/st,200,2,FOB,17-Jul,yes,189
5,3,IL,,81,34,165,192,$/st,675,2,FOB,17-May,yes,189
5,3,IL,,81,34,165,197,$/st,1600,2,FOB,17-Apr,yes,189
5,3,IL,,81,34,165,192,$/st,675,2,FOB,17-May,yes,189
5,3,IL,,81,34,165,197,$/st,25,2,FOB,17-Jun,yes,189
5,3,IL,,81,34,165,170,$/st,25,2,FOB,17-Jul,no,189
5,3,IL,,81,34,165,165,$/st,25,2,FOB,17-Jul,yes,189
5,3,IL,,81,34,165,165,$/st,200,2,FOB,17-Jul,no,189
5,3,IL,,81,34,165,160,$/st,200,2,FOB,17-Jul,yes,189
5,3,IL,,81,34,165,187,$/st,200,2,FOB,17-May,no,189
5,3,IL,,81,34,165,202,$/st,200,2,FOB,17-May,yes,189
5,3,IL,,81,34,165,155,$/st,200,2,FOB,17-Jul,yes,189
5,3,IL,,81,34,165,160,$/st,25,2,FOB,17-Jul,yes,189
5,3,IL,,81,34,165,187,$/st,200,2,FOB,17-Jun,yes,189
5,3,IL,,81,34,165,187,$/st,25,2,FOB,17-Jun,yes,189
5,3,IL,,81,34,165,170,$/st,25,2,FOB,17-Jul,no,189
5,3,IL,,81,34,165,197,$/st,675,2,FOB,17-May,no,189
5,3,IL,,81,34,165,182,$/st,25,2,FOB,17-Jun,yes,189
5,3,IL,,81,34,165,192,$/st,200,2,FOB,17-May,no,189
5,3,IL,,81,34,165,175,$/st,1600,2,FOB,17-Jul,no,189
5,3,IL,,81,34,165,187,$/st,25,2,FOB,17-May,yes,189
5,3,IL,,81,34,165,197,$/st,200,2,FOB,17-Jun,yes,189
5,3,IL,,81,34,165,182,$/st,675,2,FOB,17-May,yes,189
5,3,IL,,81,34,165,155,$/st,675,2,FOB,17-Jul,no,189
5,3,IL,,81,34,165,175,$/st,1600,2,FOB,17-Jul,yes,189
5,3,IL,,81,34,165,160,$/st,675,2,FOB,17-Jul,no,189
5,3,IL,,81,34,165,202,$/st,200,2,FOB,17-May,yes,189
5,3,IL,,81,34,165,187,$/st,200,2,FOB,17-Apr,yes,189
5,3,IL,,81,34,165,175,$/st,25,2,FOB,17-Jul,yes,189
5,3,IL,,81,34,165,160,$/st,25,2,FOB,17-Jul,no,189
5,3,IL,,81,34,165,202,$/st,675,2,FOB,17-Apr,no,189
5,3,IL,,81,34,165,182,$/st,3125,2,FOB,17-May,yes,189
5,3,IL,,81,34,165,160,$/st,200,2,FOB,17-Jul,yes,189
5,3,IL,,81,34,165,155,$/st,675,2,FOB,17-Jul,yes,189
5,3,IL,,81,34,165,192,$/st,1600,2,FOB,17-Jun,yes,189
5,3,IL,,81,34,165,170,$/st,675,2,FOB,17-Jul,no,189
5,3,IL,,81,34,165,187,$/st,200,2,FOB,17-May,no,189
5,3,IL,,81,34,165,202,$/st,5400,2,FOB,17-May,yes,189
5,3,IL,,81,34,165,155,$/st,200,2,FOB,17-Jul,no,189
5,3,IL,,81,34,165,192,$/st,200,2,FOB,17-Jun,no,189
5,3,IL,,81,34,165,182,$/st,1600,2,FOB,17-Apr,yes,189
5,3,IL,,81,34,165,197,$/st,200,2,FOB,17-May,yes,189
5,3,IL,,81,37,274,170,$/st,25,2,FOB,17-Jul,no,189
5,3,IL,,81,37,274,195,$/st,200,2,FOB,17-Jan,yes,189
5,3,IL,,81,37,274,192,$/st,675,2,FOB,17-May,no,189
5,3,IL,,81,37,274,130,$/st,25,2,FOB,17-Aug,yes,189
5,3,IL,,81,37,274,205,$/st,25,2,FOB,17-Jan,no,189
5,3,IL,,81,37,274,140,$/st,25,2,FOB,17-Jul,no,189
5,3,IL,,81,37,274,165,$/st,200,2,FOB,17-Jul,yes,189
5,3,IL,,81,37,274,160,$/st,200,2,FOB,17-Jun,yes,189
5,3,IL,,81,37,274,185,$/st,675,2,FOB,17-Jun,yes,189
5,3,IL,,81,37,274,215,$/st,200,2,FOB,17-Jan,no,189
5,3,IL,,81,37,274,207,$/st,25,2,FOB,17-May,yes,189
5,3,IL,,81,37,274,150,$/st,25,2,FOB,17-Jul,no,189
5,3,IL,,81,37,274,145,$/st,200,2,FOB,17-Aug,yes,189
5,3,IL,,81,37,274,215,$/st,25,2,FOB,17-Feb,yes,189
5,3,IL,,81,37,274,145,$/st,25,2,FOB,17-Jul,no,189
5,3,IL,,81,37,274,195,$/st,25,2,FOB,17-Jan,no,189
5,3,IL,,81,37,274,170,$/st,25,2,FOB,17-Jun,no,189
5,3,IL,,81,37,274,180,$/st,200,2,FOB,17-Jun,no,189
5,3,IL,,81,37,274,170,$/st,200,2,FOB,17-Jun,no,189
5,3,IL,,81,37,274,200,$/st,675,2,FOB,17-Jan,no,189
5,3,IL,,81,37,274,197,$/st,25,2,FOB,17-Apr,yes,189
5,3,IL,,81,37,274,210,$/st,25,2,FOB,17-Feb,yes,189
5,3,IL,,81,37,274,185,$/st,200,2,FOB,17-Jul,yes,189
5,3,IL,,81,37,274,212,$/st,200,2,FOB,17-May,no,189
5,3,IL,,81,37,274,160,$/st,25,2,FOB,17-Jul,yes,189
5,3,IL,,81,37,274,185,$/st,200,2,FOB,17-Jul,yes,189
5,3,IL,,81,37,274,155,$/st,200,2,FOB,17-Jul,no,189
5,3,IL,,81,37,274,205,$/st,3125,2,FOB,17-Mar,no,189
5,3,IL,,81,37,274,205,$/st,675,2,FOB,17-Jan,no,189
5,3,IL,,81,47,321,205,$/st,25,2,FOB,17-Jan,no,189
5,3,IL,,81,47,321,170,$/st,1600,2,FOB,17-Jul,no,189
5,3,IL,,81,47,321,220,$/st,25,2,FOB,17-Feb,no,189
5,3,IL,,81,47,321,165,$/st,200,2,FOB,17-Jul,no,189
5,3,IL,,81,47,321,192,$/st,200,2,FOB,17-May,yes,189
5,3,IL,,81,47,321,173,$/st,675,2,FOB,17-Jun,yes,189
5,3,IL,,81,47,321,187,$/st,3125,2,FOB,17-Jun,no,189
5,3,IL,,81,47,321,195,$/st,200,2,FOB,17-Jan,no,189
5,3,IL,,81,47,321,165,$/st,25,2,FOB,17-Jul,yes,189
5,3,IL,,81,47,321,160,$/st,200,2,FOB,17-Jul,no,189
5,3,IL,,81,47,321,160,$/st,200,2,FOB,17-Jul,no,189
5,3,IL,,81,47,321,155,$/st,1600,2,FOB,17-Jul,no,189
5,3,IL,,81,47,321,205,$/st,25,2,FOB,17-Feb,no,189
5,3,IL,,81,47,321,185,$/st,675,2,FOB,17-Jun,no,189
5,3,IL,,81,47,321,195,$/st,200,2,FOB,17-Jan,no,189
5,3,IL,,81,47,321,220,$/st,200,2,FOB,17-Feb,yes,189
5,3,IL,,81,47,321,190,$/st,200,2,FOB,17-Feb,no,189
5,3,IL,,81,47,321,185,$/st,675,2,FOB,17-Jul,yes,189
5,3,IL,,81,47,321,200,$/st,200,2,FOB,17-Jan,no,189
5,3,IL,,81,47,321,155,$/st,25,2,FOB,17-Jul,no,189
5,3,IL,,81,47,321,180,$/st,25,2,FOB,17-Jul,no,189
5,3,IL,,81,47,321,210,$/st,25,2,FOB,17-Jan,no,189
4,3,NE,,11,34,168,182,$/st,200,2,FOB,17-Jul,yes,159
4,3,NE,,11,34,168,175,$/st,200,2,FOB,17-Jun,yes,159
4,3,NE,,11,34,168,180,$/st,25,2,FOB,17-May,yes,159
4,3,NE,,11,34,168,140,$/st,675,2,FOB,17-Aug,yes,159
4,3,NE,,11,34,168,190,$/st,25,2,FOB,17-May,no,159
4,3,NE,,11,34,168,200,$/st,3125,2,FOB,17-Jan,no,159
4,3,NE,,11,34,168,177,$/st,25,2,FOB,17-Jul,yes,159
4,3,NE,,11,34,168,140,$/st,3125,2,FOB,17-Jul,no,159
4,3,NE,,11,34,168,180,$/st,3125,2,FOB,17-Jun,yes,159
4,3,NE,,11,34,168,190,$/st,675,2,FOB,17-Apr,no,159
4,3,NE,,11,34,168,187,$/st,200,2,FOB,17-Jul,yes,159
4,3,NE,,11,34,168,145,$/st,200,2,FOB,17-Aug,no,159
4,3,NE,,11,34,168,197,$/st,3125,2,FOB,17-Apr,no,159
4,3,NE,,11,34,168,190,$/st,3125,2,FOB,17-Jun,yes,159
4,3,NE,,11,34,168,150,$/st,200,2,FOB,17-Jul,yes,159
4,3,NE,,11,34,168,150,$/st,3125,2,FOB,17-Aug,no,159
4,3,NE,,11,34,168,167,$/st,25,2,FOB,17-Jul,yes,159
4,3,NE,,11,34,168,172,$/st,675,2,FOB,17-Jul,yes,159
4,3,NE,,11,34,168,175,$/st,200,2,FOB,17-Jun,yes,159
4,3,NE,,11,34,168,190,$/st,200,2,FOB,17-May,no,159
4,3,NE,,11,34,168,180,$/st,1600,2,FOB,17-Jun,no,159
4,3,NE,,11,34,168,193,$/st,25,2,FOB,17-May,yes,159
4,3,NE,,11,34,168,195,$/st,675,2,FOB,17-Mar,yes,159
4,3,NE,,11,34,168,190,$/st,675,2,FOB,17-Jun,yes,159
4,3,NE,,11,34,168,193,$/st,675,2,FOB,17-May,no,159
4,3,NE,,11,34,168,170,$/st,25,2,FOB,17-May,no,159
4,3,NE,,11,34,168,185,$/st,675,2,FOB,17-May,no,159
4,3,NE,,11,34,168,155,$/st,1600,2,FOB,17-Aug,yes,159
4,3,NE,,11,34,168,170,$/st,200,2,FOB,17-Jun,yes,159
4,3,NE,,11,34,168,175,$/st,25,2,FOB,17-Jun,yes,159
4,3,NE,,11,34,168,200,$/st,25,2,FOB,17-Apr,yes,159
4,3,NE,,11,34,168,170,$/st,200,2,FOB,17-Jun,yes,159
4,3,NE,,11,34,168,150,$/st,25,2,FOB,17-Sep,yes,159
4,3,NE,,11,34,168,180,$/st,200,2,FOB,17-Jun,yes,159
4,3,NE,,11,34,168,145,$/st,675,2,FOB,17-Sep,yes,159
4,3,NE,,11,34,168,175,$/st,675,2,FOB,17-Jun,yes,159
4,3,NE,,11,34,168,190,$/st,675,2,FOB,17-Jun,yes,159
4,3,NE,,11,34,168,188,$/st,200,2,FOB,17-May,yes,159
4,3,NE,,11,34,168,195,$/st,675,2,FOB,17-Apr,yes,159
4,3,NE,,11,34,168,180,$/st,1600,2,FOB,17-Jun,yes,159
4,3,NE,,11,34,168,190,$/st,25,2,FOB,17-May,yes,159
4,3,NE,,11,34,168,170,$/st,200,2,FOB,17-Jun,no,159
4,3,NE,,11,34,168,160,$/st,675,2,FOB,17-Aug,yes,159
4,3,NE,,11,34,168,182,$/st,675,2,FOB,17-Jul,no,159
4,3,NE,,11,34,168,175,$/st,25,2,FOB,17-Jun,yes,159
4,3,NE,,11,34,168,185,$/st,25,2,FOB,17-Jun,yes,159
4,3,NE,,11,34,168,180,$/st,25,2,FOB,17-May,yes,159
4,3,NE,,11,34,168,175,$/st,200,2,FOB,17-May,yes,159
4,3,NE,,11,34,168,185,$/st,200,2,FOB,17-Jun,no,159
4,3,NE,,11,34,168,188,$/st,675,2,FOB,17-May,yes,159
4,3,NE,,11,34,168,215,$/st,3125,2,FOB,17-Jan,yes,159
4,3,NE,,11,34,168,185,$/st,200,2,FOB,17-May,yes,159
4,3,NE,,11,34,168,185,$/st,200,2,FOB,17-Jun,yes,159
4,3,NE,,11,34,168,183,$/st,1600,2,FOB,17-May,yes,159
4,3,NE,,11,34,168,180,$/st,675,2,FOB,17-Mar,yes,159
4,3,NE,,11,34,168,167,$/st,25,2,FOB,17-Jul,no,159
4,3,NE,,11,34,168,175,$/st,25,2,FOB,17-May,no,159
4,3,NE,,11,34,168,185,$/st,25,2,FOB,17-Apr,no,159
4,3,NE,,11,34,168,173,$/st,3125,2,FOB,17-May,yes,159
4,3,NE,,11,34,168,202,$/st,200,2,FOB,17-Apr,yes,159
4,3,NE,,11,34,168,155,$/st,675,2,FOB,17-Sep,yes,159
4,3,NE,,11,34,168,185,$/st,1600,2,FOB,17-Jun,yes,159
4,3,NE,,11,34,168,190,$/st,25,2,FOB,17-Jun,yes,159
4,3,NE,,11,34,168,155,$/st,25,2,FOB,17-Jul,yes,159
4,3,NE,,11,34,168,180,$/st,200,2,FOB,17-Jun,yes,159
4,3,NE,,11,34,168,185,$/st,675,2,FOB,17-Jun,yes,159
4,3,NE,,11,34,168,175,$/st,25,2,FOB,17-Jun,no,159
4,3,NE,,11,34,168,160,$/st,675,2,FOB,17-Sep,yes,159
4,3,NE,,11,34,168,180,$/st,200,2,FOB,17-Jun,yes,159
4,3,NE,,11,34,168,178,$/st,675,2,FOB,17-May,yes,159
4,3,NE,,11,34,168,185,$/st,200,2,FOB,17-Jun,yes,159
4,3,NE,,11,34,168,187,$/st,200,2,FOB,17-Jul,yes,159
4,3,NE,,11,34,168,182,$/st,200,2,FOB,17-Jul,no,159
4,3,NE,,11,34,168,150,$/st,200,2,FOB,17-Nov,yes,159
4,3,NE,,11,34,168,140,$/st,200,2,FOB,17-Sep,yes,159
4,3,NE,,11,34,168,180,$/st,200,2,FOB,17-Jun,no,159
4,3,NE,,11,34,168,180,$/st,1600,2,FOB,17-Apr,no,159
4,3,NE,,11,34,168,185,$/st,25,2,FOB,17-Mar,no,159
4,3,NE,,11,34,168,190,$/st,200,2,FOB,17-Jun,yes,159
4,3,NE,,11,34,168,192,$/st,25,2,FOB,17-Apr,no,159
4,3,NE,,11,34,168,172,$/st,25,2,FOB,17-Jul,yes,159
4,3,NE,,11,34,168,190,$/st,675,2,FOB,17-Jun,no,159
4,3,NE,,11,34,168,173,$/st,675,2,FOB,17-May,no,159
4,3,NE,,11,34,168,155,$/st,200,2,FOB,17-Nov,yes,159
4,3,NE,,11,34,168,200,$/st,25,2,FOB,17-Apr,yes,159
4,3,NE,,11,34,168,145,$/st,25,2,FOB,17-Jul,no,159
4,3,NE,,11,34,168,160,$/st,3125,2,FOB,17-Jul,no,159
4,3,NE,,11,34,168,185,$/st,200,2,FOB,17-Apr,yes,159
4,3,NE,,11,34,168,185,$/st,1600,2,FOB,17-May,no,159
4,3,NE,,11,34,168,180,$/st,1600,2,FOB,17-May,yes,159
4,3,NE,,11,34,168,170,$/st,1600,2,FOB,17-Jun,yes,159
4,3,NE,,11,34,168,195,$/st,675,2,FOB,17-May,no,159
4,3,NE,,11,34,168,175,$/st,675,2,FOB,17-Jun,yes,159
4,3,NE,,11,34,168,170,$/st,200,2,FOB,17-Jun,yes,159
4,3,NE,,11,34,168,172,$/st,25,2,FOB,17-Jul,yes,159
4,3,NE,,11,34,168,195,$/st,675,2,FOB,17-Jan,no,159
4,3,NE,,11,34,168,200,$/st,25,2,FOB,17-Mar,no,159
4,3,NE,,11,34,168,145,$/st,1600,2,FOB,17-Nov,yes,159
4,3,NE,,11,34,168,178,$/st,200,2,FOB,17-May,yes,159
4,3,NE,,11,34,168,190,$/st,1600,2,FOB,17-Mar,yes,159
4,3,NE,,11,34,168,190,$/st,675,2,FOB,17-Apr,yes,159
4,3,NE,,11,34,168,187,$/st,1600,2,FOB,17-Apr,no,159
4,3,NE,,11,37,274,188,$/st,3125,2,FOB,17-Apr,no,159
4,3,NE,,11,37,274,135,$/st,25,2,FOB,17-Aug,yes,159
4,3,NE,,11,37,274,150,$/st,1600,2,FOB,17-Jul,no,159
4,3,NE,,11,37,274,165,$/st,25,2,FOB,17-Jun,no,159
4,3,NE,,11,37,274,190,$/st,3125,2,FOB,17-Jun,no,159
4,3,NE,,11,37,274,150,$/st,25,2,FOB,17-Aug,yes,159
4,3,NE,,11,37,274,170,$/st,675,2,FOB,17-Jun,yes,159
4,3,NE,,11,37,274,180,$/st,200,2,FOB,17-Jun,no,159
4,3,NE,,11,37,274,198,$/st,200,2,FOB,17-May,yes,159
4,3,NE,,11,37,274,195,$/st,200,2,FOB,17-Mar,no,159
4,3,NE,,11,37,274,180,$/st,200,2,FOB,17-Jun,no,159
4,3,NE,,11,37,274,195,$/st,1600,2,FOB,17-Jun,no,159
4,3,NE,,11,37,274,195,$/st,5400,2,FOB,17-Jun,yes,159
4,3,NE,,11,37,274,180,$/st,200,2,FOB,17-Jun,no,159
4,3,NE,,11,37,274,185,$/st,200,2,FOB,17-May,no,159
4,3,NE,,11,37,274,162,$/st,675,2,FOB,17-Jul,no,159
4,3,NE,,11,37,274,170,$/st,200,2,FOB,17-Mar,no,159
4,3,NE,,11,37,274,167,$/st,675,2,FOB,17-Jul,yes,159
4,3,NE,,11,37,274,190,$/st,25,2,FOB,17-Jan,yes,159
4,3,NE,,11,37,274,187,$/st,200,2,FOB,17-Jul,no,159
4,3,NE,,11,37,274,175,$/st,25,2,FOB,17-May,no,159
4,3,NE,,11,37,274,177,$/st,25,2,FOB,17-Jul,yes,159
4,3,NE,,11,37,274,185,$/st,25,2,FOB,17-Jun,no,159
4,3,NE,,11,37,274,190,$/st,675,2,FOB,17-Jun,no,159
4,3,NE,,11,37,274,185,$/st,1600,2,FOB,17-Jun,no,159
4,3,NE,,11,47,321,140,$/st,200,2,FOB,17-Aug,no,159
4,3,NE,,11,47,321,195,$/st,25,2,FOB,17-Jun,no,159
4,3,NE,,11,47,321,150,$/st,25,2,FOB,17-Aug,no,159
4,3,NE,,11,47,321,192,$/st,200,2,FOB,17-Jul,no,159
4,3,NE,,11,47,321,185,$/st,5400,2,FOB,17-May,yes,159
4,3,NE,,11,47,321,188,$/st,200,2,FOB,17-May,no,159
4,3,NE,,11,47,321,170,$/st,675,2,FOB,17-Jun,no,159
4,3,NE,,11,47,321,145,$/st,675,2,FOB,17-Sep,yes,159
4,3,NE,,11,47,321,190,$/st,1600,2,FOB,17-Apr,no,159
4,3,NE,,11,47,321,167,$/st,675,2,FOB,17-Jul,yes,159
4,3,NE,,11,47,321,177,$/st,25,2,FOB,17-Jul,yes,159
4,3,NE,,11,47,321,170,$/st,200,2,FOB,17-Jun,no,159
4,3,NE,,11,47,321,190,$/st,3125,2,FOB,17-Jun,no,159
4,3,NE,,11,47,321,140,$/st,25,2,FOB,17-Sep,no,159
4,3,NE,,11,47,321,192,$/st,675,2,FOB,17-Apr,no,159
4,3,NE,,11,47,321,175,$/st,200,2,FOB,17-May,yes,159
4,3,NE,,11,47,321,190,$/st,675,2,FOB,17-Jun,no,159
4,3,NE,,11,47,321,180,$/st,25,2,FOB,17-May,no,159
4,3,NE,,11,47,321,155,$/st,25,2,FOB,17-Aug,no,159
4,3,NE,,11,47,321,170,$/st,25,2,FOB,17-Jul,yes,159
4,3,NE,,11,47,321,190,$/st,25,2,FOB,17-Jun,no,159
4,3,NE,,11,47,321,150,$/st,200,2,FOB,17-Sep,no,159
4,3,NE,,11,47,321,200,$/st,1600,2,FOB,17-May,no,159
4,3,NE,,11,47,321,183,$/st,25,2,FOB,17-May,no,159
4,3,NE,,11,47,321,160,$/st,200,2,FOB,17-Aug,yes,159
4,3,NE,,11,47,321,197,$/st,25,2,FOB,17-Jul,no,159
4,3,NE,,11,47,321,200,$/st,675,2,FOB,17-Mar,no,159
4,3,NE,,11,47,321,190,$/st,200,2,FOB,17-Mar,no,159
4,3,NE,,11,47,321,200,$/st,675,2,FOB,17-Apr,yes,159
4,3,NE,,11,47,321,195,$/st,200,2,FOB,17-Jun,no,159
4,3,NE,,11,47,321,170,$/st,675,2,FOB,17-Jun,no,159
4,3,NE,,11,47,321,170,$/st,200,2,FOB,17-Jun,no,159
4,2,NE,,11,34,167,195,$/st,200,2,FOB,17-May,no,114
4,2,NE,,11,34,167,170,$/st,25,2,FOB,17-Jun,no,114
4,2,NE,,11,34,167,200,$/st,25,2,FOB,17-Jun,yes,114
4,2,NE,,11,34,167,205,$/st,200,2,FOB,17-Jun,yes,114
4,2,NE,,11,34,167,240,$/st,5400,2,FOB,17-Mar,yes,114
4,2,NE,,11,34,167,220,$/st,25,2,FOB,17-May,no,114
4,2,NE,,11,34,167,210,$/st,200,2,FOB,17-Jun,yes,114
4,2,NE,,11,34,167,200,$/st,675,2,FOB,17-Jun,yes,114
4,2,NE,,11,34,167,195,$/st,200,2,FOB,17-Jun,no,114
4,2,NE,,11,34,167,210,$/st,200,2,FOB,17-Jun,no,114
4,2,NE,,11,34,167,225,$/st,200,2,FOB,17-Apr,no,114
4,2,NE,,11,34,167,210,$/st,25,2,FOB,17-May,yes,114
4,2,NE,,11,34,167,215,$/st,200,2,FOB,17-Apr,yes,114
4,2,NE,,11,34,167,215,$/st,675,2,FOB,17-May,yes,114
4,2,NE,,11,34,167,210,$/st,200,2,FOB,17-Apr,yes,114
4,2,NE,,11,34,167,210,$/st,200,2,FOB,17-May,no,114
4,2,NE,,11,34,167,200,$/st,25,2,FOB,17-May,yes,114
4,2,NE,,11,34,167,205,$/st,200,2,FOB,17-Jun,yes,114
4,2,NE,,11,34,167,190,$/st,675,2,FOB,17-Jun,yes,114
4,2,NE,,11,34,167,175,$/st,200,2,FOB,17-Jun,yes,114
4,2,NE,,11,34,167,190,$/st,5400,2,FOB,17-Jun,no,114
4,2,NE,,11,34,167,205,$/st,675,2,FOB,17-May,yes,114
4,2,NE,,11,34,167,230,$/st,25,2,FOB,17-Apr,yes,114
4,2,NE,,11,34,167,215,$/st,675,2,FOB,17-Jun,yes,114
4,2,NE,,11,34,167,195,$/st,675,2,FOB,17-Jun,yes,114
4,2,NE,,11,34,167,205,$/st,25,2,FOB,17-Jun,yes,114
4,2,NE,,11,34,167,190,$/st,200,2,FOB,17-May,yes,114
4,2,NE,,11,34,167,205,$/st,3125,2,FOB,17-May,yes,114
4,2,NE,,11,34,167,255,$/st,25,2,FOB,17-Mar,yes,114
4,2,NE,,11,34,167,210,$/st,200,2,FOB,17-Jun,no,114
4,2,NE,,11,34,167,200,$/st,200,2,FOB,17-Jun,yes,114
4,2,NE,,11,34,167,220,$/st,675,2,FOB,17-Apr,no,114
4,2,NE,,11,34,167,245,$/st,25,2,FOB,17-Mar,no,114
4,2,NE,,11,34,167,215,$/st,200,2,FOB,17-Jun,yes,114
4,2,NE,,11,34,167,205,$/st,1600,2,FOB,17-Jun,yes,114
4,2,NE,,11,34,167,205,$/st,1600,2,FOB,17-Jun,yes,114
4,2,NE,,11,34,167,215,$/st,25,2,FOB,17-Jun,no,114
4,2,NE,,11,34,167,195,$/st,1600,2,FOB,17-May,yes,114
4,2,NE,,11,34,167,205,$/st,25,2,FOB,17-Jun,yes,114
4,2,NE,,11,34,167,200,$/st,1600,2,FOB,17-May,no,114
4,2,NE,,11,34,167,195,$/st,25,2,FOB,17-Jun,yes,114
4,2,NE,,11,34,167,215,$/st,1600,2,FOB,17-May,yes,114
4,2,NE,,11,34,167,200,$/st,3125,2,FOB,17-May,no,114
4,2,NE,,11,34,167,210,$/st,675,2,FOB,17-Jun,yes,114
4,2,NE,,11,34,167,210,$/st,25,2,FOB,17-Jun,yes,114
4,2,NE,,11,34,167,210,$/st,675,2,FOB,17-May,yes,114
4,2,NE,,11,34,167,215,$/st,675,2,FOB,17-Jun,yes,114
4,2,NE,,11,34,167,190,$/st,200,2,FOB,17-Jun,no,114
4,2,NE,,11,34,167,200,$/st,1600,2,FOB,17-Jun,yes,114
4,2,NE,,11,34,167,205,$/st,200,2,FOB,17-Jun,no,114
4,2,NE,,11,34,167,200,$/st,675,2,FOB,17-Jun,yes,114
4,2,NE,,11,34,167,180,$/st,200,2,FOB,17-Jun,no,114
4,2,NE,,11,34,167,235,$/st,1600,2,FOB,17-Mar,yes,114
4,2,NE,,11,34,167,185,$/st,25,2,FOB,17-Jun,yes,114
4,2,NE,,11,34,167,200,$/st,25,2,FOB,17-Jun,yes,114
4,2,NE,,11,34,167,250,$/st,25,2,FOB,17-Mar,no,114
4,2,NE,,11,34,167,210,$/st,200,2,FOB,17-Jun,no,114
4,2,NE,,11,34,167,205,$/st,200,2,DEL,17-Jun,no,114
4,2,NE,,11,34,167,200,$/st,1600,2,DEL,17-May,yes,114
4,2,NE,,11,34,167,193,$/st,675,2,DEL,17-Jun,no,114
4,2,NE,,11,34,167,215,$/st,200,2,DEL,17-Jun,yes,114
4,2,NE,,11,34,167,222,$/st,200,2,DEL,17-Jun,yes,114
4,2,NE,,11,34,167,215,$/st,1600,2,DEL,17-Jun,no,114
4,2,NE,,11,34,167,237,$/st,200,2,DEL,17-Jun,no,114
4,2,NE,,11,34,167,210,$/st,200,2,DEL,17-Jun,no,114
4,2,NE,,11,34,167,215,$/st,3125,2,DEL,17-May,yes,114
4,2,NE,,11,34,167,188,$/st,25,2,DEL,17-Jun,no,114
4,2,NE,,11,34,167,220,$/st,1600,2,DEL,17-Jun,no,114
4,2,NE,,11,34,167,220,$/st,1600,2,DEL,17-May,yes,114
4,2,NE,,11,34,167,232,$/st,675,2,DEL,17-Jun,yes,114
4,2,NE,,11,34,167,198,$/st,1600,2,DEL,17-Jun,yes,114
4,2,NE,,11,34,167,205,$/st,200,2,DEL,17-May,yes,114
4,2,NE,,11,34,167,225,$/st,25,2,DEL,17-Jun,no,114
4,2,NE,,11,34,167,210,$/st,200,2,DEL,17-Jun,yes,114
4,2,NE,,11,34,167,215,$/st,200,2,DEL,17-Jun,yes,114
4,2,NE,,11,34,167,210,$/st,25,2,DEL,17-Jun,no,114
4,2,NE,,11,34,167,203,$/st,5400,2,DEL,17-Jun,yes,114
4,2,NE,,11,34,167,225,$/st,3125,2,DEL,17-Jun,no,114
4,2,NE,,11,34,167,208,$/st,3125,2,DEL,17-Jun,no,114
4,2,NE,,11,34,167,213,$/st,25,2,DEL,17-May,yes,114
4,2,NE,,11,34,167,218,$/st,675,2,DEL,17-May,yes,114
4,2,NE,,11,34,167,203,$/st,200,2,DEL,17-May,no,114
4,2,NE,,11,34,167,205,$/st,1600,2,DEL,17-Jun,yes,114
4,2,NE,,11,34,167,210,$/st,25,2,DEL,17-Jun,yes,114
4,2,NE,,11,34,167,205,$/st,25,2,DEL,17-Jun,yes,114
4,2,NE,,11,34,167,205,$/st,675,2,DEL,17-Jun,yes,114
4,2,NE,,11,34,167,242,$/st,675,2,DEL,17-Jun,yes,114
4,2,NE,,11,34,167,225,$/st,200,2,DEL,17-Jun,no,114
4,2,NE,,11,34,167,215,$/st,675,2,DEL,17-Jun,yes,114
4,2,NE,,11,34,167,210,$/st,25,2,DEL,17-May,yes,114
4,2,NE,,11,34,167,198,$/st,25,2,DEL,17-May,yes,114
4,2,NE,,11,38,276,165,$/st,675,2,FOB,17-Jun,no,114
4,2,NE,,11,38,276,167,$/st,25,2,FOB,17-Jul,no,114
4,2,NE,,11,38,276,185,$/st,25,2,FOB,17-May,yes,114
4,2,NE,,11,38,276,200,$/st,1600,2,FOB,17-Apr,no,114
4,2,NE,,11,38,276,175,$/st,675,2,FOB,17-Jun,yes,114
4,2,NE,,11,38,276,205,$/st,3125,2,FOB,17-Apr,yes,114
4,2,NE,,11,38,276,180,$/st,200,2,FOB,17-Jun,no,114
4,2,NE,,11,38,276,198,$/st,3125,2,FOB,17-May,no,114
4,2,NE,,11,38,276,170,$/st,25,2,FOB,17-Sep,yes,114
4,2,NE,,11,38,276,195,$/st,25,2,FOB,17-Jun,no,114
4,2,NE,,11,38,276,202,$/st,25,2,FOB,17-Apr,no,114
4,2,NE,,11,38,276,167,$/st,25,2,FOB,17-Jul,no,114
4,2,NE,,11,38,276,170,$/st,1600,2,FOB,17-Jun,yes,114
4,2,NE,,11,38,276,180,$/st,5400,2,FOB,17-Apr,no,114
4,2,NE,,11,38,276,178,$/st,3125,2,FOB,17-May,no,114
4,2,NE,,11,38,276,162,$/st,1600,2,FOB,17-Jul,yes,114
4,2,NE,,11,38,276,173,$/st,200,2,FOB,17-May,no,114
4,2,NE,,11,38,276,190,$/st,675,2,FOB,17-Jun,no,114
4,2,NE,,11,38,276,165,$/st,200,2,FOB,17-May,no,114
4,2,NE,,11,38,276,205,$/st,675,2,FOB,17-May,no,114
4,2,NE,,11,38,276,150,$/st,200,2,FOB,17-Sep,yes,114
4,2,NE,,11,38,276,188,$/st,25,2,FOB,17-May,yes,114
4,2,NE,,11,38,276,145,$/st,3125,2,FOB,17-Sep,no,114
1,3,TX,,41,34,165,180,$/st,675,1,DEL,17-Jun,no,95
1,3,TX,,41,34,165,225,$/st,3125,1,DEL,17-Apr,yes,95
1,3,TX,,41,34,165,214,$/st,675,1,DEL,17-Apr,yes,95
1,3,TX,,41,34,165,207,$/st,675,1,DEL,17-Apr,yes,95
1,3,TX,,41,34,165,221,$/st,1600,1,DEL,17-Apr,no,95
1,3,TX,,41,34,165,227,$/st,200,1,DEL,17-Mar,yes,95
1,3,TX,,41,34,165,218,$/st,1600,1,DEL,17-Apr,yes,95
1,3,TX,,41,34,165,199,$/st,675,1,DEL,17-May,yes,95
1,3,TX,,41,34,165,195,$/st,675,1,DEL,17-May,no,95
1,3,TX,,41,34,165,223,$/st,25,1,DEL,17-Apr,yes,95
1,3,TX,,41,34,165,210,$/st,675,1,DEL,17-May,yes,95
1,3,TX,,41,34,165,219,$/st,3125,1,DEL,17-Apr,yes,95
1,3,TX,,41,34,165,212,$/st,1600,1,DEL,17-Mar,no,95
1,3,TX,,41,34,165,199,$/st,1600,1,DEL,17-May,no,95
1,3,TX,,41,34,165,200,$/st,1600,1,DEL,17-May,yes,95
1,3,TX,,41,34,165,220,$/st,1600,1,DEL,17-Apr,yes,95
1,3,TX,,41,34,165,209,$/st,200,1,DEL,17-Apr,yes,95
1,3,TX,,41,34,165,211,$/st,200,1,DEL,17-Apr,no,95
1,3,TX,,41,34,165,215,$/st,25,1,DEL,17-May,yes,95
1,3,TX,,41,34,165,204,$/st,1600,1,DEL,17-May,no,95
1,3,TX,,41,34,165,185,$/st,675,1,DEL,17-Jul,no,95
1,3,TX,,41,34,165,194,$/st,200,1,DEL,17-May,yes,95
1,3,TX,,41,34,165,205,$/st,25,1,DEL,17-May,no,95
1,3,TX,,41,34,165,222,$/st,675,1,DEL,17-Mar,no,95
1,3,TX,,41,34,165,175,$/st,675,1,DEL,17-Jun,no,95
1,3,TX,,41,34,165,209,$/st,675,1,DEL,17-May,yes,95
1,3,TX,,41,34,165,195,$/st,675,1,DEL,17-Jun,yes,95
1,3,TX,,41,34,165,194,$/st,675,1,DEL,17-May,no,95
1,3,TX,,41,34,165,227,$/st,25,1,DEL,17-Apr,yes,95
1,3,TX,,41,34,165,200,$/st,25,1,DEL,17-May,yes,95
1,3,TX,,41,34,165,228,$/st,675,1,DEL,17-Apr,yes,95
1,3,TX,,41,34,165,214,$/st,3125,1,DEL,17-May,yes,95
1,3,TX,,41,34,165,170,$/st,25,1,DEL,17-Jul,yes,95
1,3,TX,,41,34,165,217,$/st,200,1,DEL,17-Apr,yes,95
1,3,TX,,41,34,165,214,$/st,200,1,DEL,17-May,yes,95
1,3,TX,,41,34,165,204,$/st,25,1,DEL,17-May,yes,95
1,3,TX,,41,34,165,190,$/st,1600,1,DEL,17-Jul,yes,95
1,3,TX,,41,34,165,206,$/st,25,1,DEL,17-Apr,yes,95
1,3,TX,,41,34,165,212,$/st,25,1,DEL,17-Apr,yes,95
1,3,TX,,41,34,165,212,$/st,200,1,DEL,17-Mar,no,95
1,3,TX,,41,34,165,227,$/st,675,1,DEL,17-Mar,yes,95
1,3,TX,,41,34,165,216,$/st,3125,1,DEL,17-Apr,yes,95
1,3,TX,,41,34,165,232,$/st,200,1,DEL,17-Mar,yes,95
1,3,TX,,41,34,165,175,$/st,200,1,DEL,17-Jul,no,95
1,3,TX,,41,34,165,195,$/st,25,1,DEL,17-May,no,95
1,3,TX,,41,34,165,185,$/st,200,1,DEL,17-Jun,yes,95
1,3,TX,,41,34,165,217,$/st,25,1,DEL,17-Mar,no,95
1,3,TX,,41,34,165,201,$/st,1600,1,DEL,17-Apr,no,95
1,3,TX,,41,34,165,209,$/st,200,1,DEL,17-May,yes,95
1,3,TX,,41,34,165,210,$/st,25,1,DEL,17-May,yes,95
1,3,TX,,41,34,165,226,$/st,200,1,DEL,17-Apr,yes,95
1,3,TX,,41,34,163,191,$/st,25,1,DEL,17-May,yes,95
1,3,TX,,41,34,163,175,$/st,25,1,DEL,17-Jun,no,95
1,3,TX,,41,34,163,212,$/st,25,1,DEL,17-May,no,95
1,3,TX,,41,34,163,213,$/st,675,1,DEL,17-Feb,no,95
1,3,TX,,41,34,163,227,$/st,25,1,DEL,17-Mar,yes,95
1,3,TX,,41,34,163,204,$/st,200,1,DEL,17-May,no,95
1,3,TX,,41,34,163,242,$/st,1600,1,DEL,17-Feb,yes,95
1,3,TX,,41,34,163,222,$/st,25,1,DEL,17-Mar,yes,95
1,3,TX,,41,34,163,202,$/st,5400,1,DEL,17-May,yes,95
1,3,TX,,41,34,163,243,$/st,3125,1,DEL,17-Mar,yes,95
1,3,TX,,41,34,163,209,$/st,25,1,DEL,17-May,no,95
1,3,TX,,41,34,163,214,$/st,200,1,DEL,17-May,yes,95
1,3,TX,,41,34,163,233,$/st,675,1,DEL,17-Mar,yes,95
1,3,TX,,41,34,163,210,$/st,3125,1,DEL,17-May,no,95
1,3,TX,,41,34,163,227,$/st,200,1,DEL,17-Feb,yes,95
1,3,TX,,41,34,163,237,$/st,25,1,DEL,17-Feb,yes,95
1,3,TX,,41,34,163,185,$/st,675,1,DEL,17-Jun,yes,95
1,3,TX,,41,34,163,205,$/st,25,1,DEL,17-May,no,95
1,3,TX,,41,34,163,180,$/st,200,1,DEL,17-Jun,yes,95
1,3,TX,,41,34,163,222,$/st,1600,1,DEL,17-Feb,no,95
1,3,TX,,41,34,163,192,$/st,3125,1,DEL,17-May,yes,95
1,3,TX,,41,34,163,200,$/st,3125,1,DEL,17-May,yes,95
1,3,TX,,41,34,163,194,$/st,675,1,DEL,17-May,yes,95
1,3,TX,,41,34,163,199,$/st,200,1,DEL,17-May,yes,95
1,3,TX,,41,34,163,222,$/st,200,1,DEL,17-Feb,no,95
1,3,TX,,41,34,163,205,$/st,200,1,DEL,17-May,yes,95
1,3,TX,,41,34,163,233,$/st,25,1,DEL,17-Feb,yes,95
1,3,TX,,41,34,163,232,$/st,1600,1,DEL,17-Feb,yes,95
1,3,TX,,41,34,163,253,$/st,25,1,DEL,17-Mar,yes,95
1,3,TX,,41,34,163,227,$/st,25,1,DEL,17-Feb,yes,95
1,3,TX,,41,34,163,190,$/st,25,1,DEL,17-Jun,yes,95
1,3,TX,,41,34,163,228,$/st,675,1,DEL,17-Feb,yes,95
1,3,TX,,41,34,163,217,$/st,1600,1,DEL,17-Feb,no,95
1,3,TX,,41,34,163,237,$/st,200,1,DEL,17-Feb,yes,95
1,3,TX,,41,34,163,207,$/st,675,1,DEL,17-May,no,95
1,3,TX,,41,34,163,238,$/st,200,1,DEL,17-Mar,yes,95
1,3,TX,,41,34,163,190,$/st,675,1,DEL,17-May,yes,95
1,3,TX,,41,34,163,223,$/st,675,1,DEL,17-Feb,yes,95
1,3,TX,,41,34,163,211,$/st,200,1,DEL,17-May,yes,95
1,3,TX,,41,34,163,200,$/st,200,1,DEL,17-May,yes,95
1,3,TX,,41,34,163,206,$/st,25,1,DEL,17-May,yes,95
1,3,TX,,41,34,163,195,$/st,3125,1,DEL,17-May,yes,95
1,3,TX,,41,34,163,232,$/st,1600,1,DEL,17-Mar,yes,95
1,3,TX,,41,34,163,196,$/st,200,1,DEL,17-May,no,95
1,3,IL,,41,34,172,190,$/st,3125,2,FOB,17-Jun,no,84
1,3,IL,,41,34,172,200,$/st,200,2,FOB,17-Jun,yes,84
1,3,IL,,41,34,172,205,$/st,3125,2,FOB,17-Feb,no,84
1,3,IL,,41,34,172,180,$/st,25,2,FOB,17-Jun,yes,84
1,3,IL,,41,34,172,205,$/st,675,2,FOB,17-May,yes,84
1,3,IL,,41,34,172,195,$/st,200,2,FOB,17-Feb,yes,84
1,3,IL,,41,34,172,190,$/st,25,2,FOB,17-Jun,yes,84
1,3,IL,,41,34,172,215,$/st,5400,2,FOB,17-Feb,yes,84
1,3,IL,,41,34,172,175,$/st,675,2,FOB,17-Jul,yes,84
1,3,IL,,41,34,172,195,$/st,3125,2,FOB,17-May,yes,84
1,3,IL,,41,34,172,180,$/st,25,2,FOB,17-Jul,yes,84
1,3,IL,,41,34,172,190,$/st,200,2,FOB,17-Jul,yes,84
1,3,IL,,41,34,172,200,$/st,200,2,FOB,17-Jun,yes,84
1,3,IL,,41,34,172,180,$/st,3125,2,FOB,17-Jun,no,84
1,3,IL,,41,34,172,185,$/st,25,2,FOB,17-Jun,yes,84
1,3,IL,,41,34,172,190,$/st,200,2,FOB,17-May,no,84
1,3,IL,,41,34,172,185,$/st,25,2,FOB,17-Jul,no,84
1,3,IL,,41,34,172,200,$/st,25,2,FOB,17-Jun,yes,84
1,3,IL,,41,34,172,170,$/st,1600,2,FOB,17-Jul,yes,84
1,3,IL,,41,34,172,190,$/st,200,2,FOB,17-Jun,yes,84
1,3,IL,,41,34,172,180,$/st,1600,2,FOB,17-Jun,no,84
1,3,IL,,41,34,172,185,$/st,25,2,FOB,17-Jun,yes,84
1,3,IL,,41,34,172,195,$/st,3125,2,FOB,17-Mar,yes,84
1,3,IL,,41,34,172,210,$/st,1600,2,FOB,17-Feb,yes,84
1,3,IL,,41,34,172,210,$/st,200,2,FOB,17-May,yes,84
1,3,IL,,41,34,172,185,$/st,25,2,FOB,17-May,no,84
1,3,IL,,41,34,172,195,$/st,675,2,FOB,17-Feb,yes,84
1,3,IL,,41,34,172,195,$/st,3125,2,FOB,17-May,yes,84
1,3,IL,,41,34,172,180,$/st,200,2,FOB,17-Jul,yes,84
1,3,IL,,41,34,172,215,$/st,200,2,FOB,17-Feb,yes,84
1,3,IL,,41,34,172,215,$/st,200,2,FOB,17-Mar,yes,84
1,3,IL,,41,34,172,205,$/st,25,2,FOB,17-May,yes,84
1,3,IL,,41,34,172,205,$/st,675,2,FOB,17-Feb,yes,84
1,3,IL,,41,34,172,200,$/st,25,2,FOB,17-Mar,yes,84
1,3,IL,,41,34,172,195,$/st,25,2,FOB,17-Jun,yes,84
1,3,IL,,41,34,172,195,$/st,5400,2,FOB,17-Jun,no,84
1,3,IL,,41,34,172,200,$/st,200,2,FOB,17-Feb,yes,84
1,3,IL,,41,34,172,200,$/st,675,2,FOB,17-May,yes,84
1,3,IL,,41,34,172,200,$/st,25,2,FOB,17-Jun,no,84
1,3,IL,,41,34,172,195,$/st,25,2,FOB,17-Jun,yes,84
1,3,IL,,41,34,172,180,$/st,675,2,FOB,17-Jun,yes,84
1,3,IL,,41,34,172,190,$/st,25,2,FOB,17-Jul,yes,84
1,3,IL,,41,34,172,195,$/st,200,2,FOB,17-Jun,no,84
1,3,IL,,41,34,172,185,$/st,675,2,FOB,17-Jun,yes,84
1,3,IL,,41,34,172,195,$/st,25,2,FOB,17-Jun,yes,84
1,3,IL,,41,34,172,185,$/st,25,2,FOB,17-Jul,yes,84
1,3,IL,,41,34,172,190,$/st,25,2,FOB,17-May,yes,84
1,3,IL,,41,34,172,190,$/st,25,2,FOB,17-Jun,yes,84
1,3,IL,,41,34,172,210,$/st,200,2,FOB,17-Feb,no,84
1,3,IL,,41,34,172,200,$/st,200,2,FOB,17-May,yes,84
1,3,IL,,41,34,165,185,$/st,200,2,FOB,17-Jul,yes,84
1,3,IL,,41,34,165,190,$/st,200,2,FOB,17-Jun,no,84
1,3,IL,,41,34,165,200,$/st,675,2,FOB,17-Mar,yes,84
1,3,IL,,41,34,165,200,$/st,200,2,FOB,17-May,yes,84
1,3,IL,,41,34,165,195,$/st,25,2,FOB,17-Mar,yes,84
1,3,IL,,41,34,165,175,$/st,200,2,FOB,17-Jun,yes,84
1,3,IL,,41,34,165,165,$/st,200,2,FOB,17-Jul,yes,84
1,3,IL,,41,34,165,185,$/st,1600,2,FOB,17-May,yes,84
1,3,IL,,41,34,165,205,$/st,200,2,FOB,17-May,yes,84
1,3,IL,,41,34,165,195,$/st,25,2,FOB,17-May,no,84
1,3,IL,,41,34,165,180,$/st,1600,2,FOB,17-Jul,no,84
1,3,IL,,41,34,165,195,$/st,675,2,FOB,17-May,yes,84
1,3,IL,,41,34,165,200,$/st,25,2,FOB,17-Feb,no,84
1,3,IL,,41,34,165,175,$/st,25,2,FOB,17-Jul,yes,84
1,3,IL,,41,34,165,195,$/st,675,2,FOB,17-Jun,yes,84
1,3,IL,,41,34,165,190,$/st,25,2,FOB,17-Jul,no,84
1,3,IL,,41,34,165,190,$/st,25,2,FOB,17-May,no,84
1,3,IL,,41,34,165,210,$/st,200,2,FOB,17-Mar,no,84
1,3,IL,,41,34,165,190,$/st,25,2,FOB,17-May,no,84
1,3,IL,,41,34,165,205,$/st,200,2,FOB,17-Feb,yes,84
1,3,IL,,41,34,165,190,$/st,675,2,FOB,17-Feb,no,84
1,3,IL,,41,34,165,205,$/st,25,2,FOB,17-Feb,yes,84
1,3,IL,,41,34,165,190,$/st,200,2,FOB,17-Feb,no,84
1,3,IL,,41,34,165,170,$/st,675,2,FOB,17-Jul,no,84
1,3,IL,,41,34,165,205,$/st,25,2,FOB,17-Mar,yes,84
1,3,IL,,41,34,165,175,$/st,1600,2,FOB,17-Jul,yes,84
1,3,IL,,41,34,165,155,$/st,200,2,FOB,17-Jul,yes,84
1,3,IL,,41,34,165,170,$/st,675,2,FOB,17-Jul,yes,84
1,3,IL,,41,34,165,185,$/st,1600,2,FOB,17-Jun,no,84
1,3,IL,,41,34,165,160,$/st,25,2,FOB,17-Jul,yes,84
1,3,IL,,41,34,165,200,$/st,25,2,FOB,17-May,no,84
1,3,IL,,41,34,165,195,$/st,200,2,FOB,17-Feb,yes,84
1,3,IL,,41,34,165,210,$/st,25,2,FOB,17-Feb,no,84
1,3,IL,,41,34,165,180,$/st,675,2,FOB,17-Jun,yes,84
4,3,IN,,11,34,207,153,$/st,200,2,FOB,17-Aug,no,74
4,3,IN,,11,34,207,134.38,$/st,25,2,FOB,17-Jun,yes,74
4,3,IN,,11,34,207,158,$/st,200,2,FOB,17-Aug,yes,74
4,3,IN,,11,34,207,138,$/st,675,2,FOB,17-Nov,yes,74
4,3,IN,,11,34,207,139.5,$/st,25,2,FOB,17-Aug,yes,74
4,3,IN,,11,34,207,158,$/st,200,2,FOB,17-Nov,yes,74
4,3,IN,,11,34,207,182,$/st,25,2,FOB,17-Jun,yes,74
4,3,IN,,11,34,207,154.38,$/st,3125,2,FOB,17-Jul,yes,74
4,3,IN,,11,34,207,139.38,$/st,25,2,FOB,17-Jul,no,74
4,3,IN,,11,34,207,148,$/st,25,2,FOB,17-Aug,yes,74
4,3,IN,,11,34,207,139.38,$/st,25,2,FOB,17-Jun,no,74
4,3,IN,,11,34,207,149.38,$/st,3125,2,FOB,17-Jul,no,74
4,3,IN,,11,34,207,138,$/st,200,2,FOB,17-Aug,no,74
4,3,IN,,11,34,207,185,$/st,25,2,FOB,17-Jun,yes,74
4,3,IN,,11,34,207,134.38,$/st,200,2,FOB,17-Jul,yes,74
4,3,IN,,11,34,207,170,$/st,25,2,FOB,17-Jun,yes,74
4,3,IN,,11,34,207,210,$/st,1600,2,FOB,17-Mar,yes,74
4,3,IN,,11,34,207,175,$/st,25,2,FOB,17-Jun,no,74
4,3,IN,,11,34,207,144.38,$/st,675,2,FOB,17-Jul,no,74
4,3,IN,,11,34,207,143,$/st,675,2,FOB,17-Aug,yes,74
4,3,IN,,11,34,207,119.5,$/st,200,2,FOB,17-Aug,no,74
4,3,IN,,11,34,207,129.5,$/st,200,2,FOB,17-Aug,yes,74
4,3,IN,,11,34,207,172,$/st,200,2,FOB,17-Jun,yes,74
4,3,IN,,11,34,207,177,$/st,200,2,FOB,17-Jun,no,74
4,3,IN,,11,34,207,134.5,$/st,3125,2,FOB,17-Aug,no,74
4,3,IN,,11,34,207,148,$/st,25,2,FOB,17-Nov,yes,74
4,3,IN,,11,34,207,124.5,$/st,25,2,FOB,17-Aug,yes,74
4,3,IN,,11,34,207,149.38,$/st,200,2,FOB,17-Jun,yes,74
4,3,IN,,11,34,207,165,$/st,5400,2,FOB,17-Jun,no,74
4,3,IN,,11,34,207,162,$/st,25,2,FOB,17-Jun,no,74
4,3,IN,,11,34,207,154.38,$/st,200,2,FOB,17-Jul,no,74
4,3,IN,,11,34,207,154.38,$/st,5400,2,FOB,17-Jun,no,74
4,3,IN,,11,34,207,195,$/st,3125,2,FOB,17-Mar,yes,74
4,3,IN,,11,34,207,134.38,$/st,200,2,FOB,17-Jul,yes,74
4,3,IN,,11,34,207,180,$/st,25,2,FOB,17-Jun,no,74
4,3,IN,,11,34,207,149.38,$/st,3125,2,FOB,17-Jul,yes,74
4,3,IN,,11,34,207,143,$/st,1600,2,FOB,17-Nov,yes,74
4,3,IN,,11,34,207,144.38,$/st,200,2,FOB,17-Jul,yes,74
4,3,IN,,11,34,207,167,$/st,25,2,FOB,17-Jun,yes,74
4,3,IN,,11,34,207,200,$/st,200,2,FOB,17-Mar,yes,74
4,3,IN,,11,34,185,172,$/st,1600,2,FOB,17-Apr,yes,74
4,3,IN,,11,34,185,182,$/st,200,2,FOB,17-Apr,no,74
4,3,IN,,11,34,185,188,$/st,675,2,FOB,17-May,yes,74
4,3,IN,,11,34,185,193,$/st,3125,2,FOB,17-May,yes,74
4,3,IN,,11,34,185,170,$/st,675,2,FOB,17-Jul,yes,74
4,3,IN,,11,34,185,167,$/st,1600,2,FOB,17-Apr,no,74
4,3,IN,,11,34,185,180,$/st,25,2,FOB,17-Jun,no,74
4,3,IN,,11,34,185,182,$/st,25,2,FOB,17-Apr,yes,74
4,3,IN,,11,34,185,177,$/st,200,2,FOB,17-Apr,no,74
4,3,IN,,11,34,185,180,$/st,200,2,FOB,17-Jul,yes,74
4,3,IN,,11,34,185,175,$/st,25,2,FOB,17-Jul,no,74
4,3,IN,,11,34,185,165,$/st,25,2,FOB,17-Jul,yes,74
4,3,IN,,11,34,185,175,$/st,675,2,FOB,17-Jul,yes,74
4,3,IN,,11,34,185,162,$/st,3125,2,FOB,17-Apr,no,74
4,3,IN,,11,34,185,170,$/st,25,2,FOB,17-Jun,yes,74
4,3,IN,,11,34,185,185,$/st,675,2,FOB,17-May,no,74
4,3,IN,,11,34,185,175,$/st,25,2,FOB,17-May,yes,74
4,3,IN,,11,34,185,165,$/st,200,2,FOB,17-Jul,yes,74
4,3,IN,,11,34,185,183,$/st,675,2,FOB,17-May,no,74
4,3,IN,,11,34,185,182,$/st,200,2,FOB,17-Apr,yes,74
4,3,IN,,11,34,185,170,$/st,25,2,FOB,17-Jul,no,74
4,3,IN,,11,34,185,198,$/st,675,2,FOB,17-May,yes,74
4,3,IN,,11,34,185,162,$/st,3125,2,FOB,17-Apr,yes,74
4,3,IN,,11,34,185,167,$/st,3125,2,FOB,17-Apr,yes,74
4,3,IN,,11,34,185,172,$/st,25,2,FOB,17-Apr,yes,74
4,3,IN,,11,34,185,160,$/st,200,2,FOB,17-Jul,yes,74
4,3,IN,,11,34,185,180,$/st,675,2,FOB,17-May,yes,74
4,3,IN,,11,34,185,165,$/st,1600,2,FOB,17-Jun,yes,74
4,3,IN,,11,34,185,180,$/st,200,2,FOB,17-Jul,no,74
4,3,IN,,11,34,185,185,$/st,25,2,FOB,17-Jun,yes,74
4,3,IN,,11,34,185,177,$/st,675,2,FOB,17-Apr,no,74
4,3,IN,,11,34,185,175,$/st,25,2,FOB,17-Jun,no,74
4,3,IN,,11,34,185,170,$/st,3125,2,FOB,17-May,yes,74
4,3,IN,,11,34,185,170,$/st,1600,2,FOB,17-Jun,yes,74
4,3,MI,,11,34,218,180.62,$/st,200,2,FOB,17-Jun,yes,63
4,3,MI,,11,34,218,165.63,$/st,25,2,FOB,17-Jul,yes,63
4,3,MI,,11,34,218,175,$/st,675,2,FOB,17-Jun,no,63
4,3,MI,,11,34,218,160.63,$/st,25,2,FOB,17-Jun,yes,63
4,3,MI,,11,34,218,160.63,$/st,25,2,FOB,17-Jul,yes,63
4,3,MI,,11,34,218,165,$/st,1600,2,FOB,17-Jun,yes,63
4,3,MI,,11,34,218,170.63,$/st,25,2,FOB,17-Jul,yes,63
4,3,MI,,11,34,218,180,$/st,25,2,FOB,17-Jun,no,63
4,3,MI,,11,34,218,180.63,$/st,25,2,FOB,17-Jul,yes,63
4,3,MI,,11,34,218,160.62,$/st,200,2,FOB,17-Jun,yes,63
4,3,MI,,11,34,218,165.63,$/st,200,2,FOB,17-Jun,yes,63
4,3,MI,,11,34,218,170.62,$/st,1600,2,FOB,17-Jun,yes,63
4,3,MI,,11,34,218,170,$/st,25,2,FOB,17-Jun,yes,63
4,3,MI,,11,34,218,165,$/st,5400,2,FOB,17-Jun,yes,63
4,3,MI,,11,34,218,175.63,$/st,25,2,FOB,17-Jul,no,63
4,3,MI,,11,34,218,170.63,$/st,675,2,FOB,17-Jun,yes,63
4,3,MI,,11,34,218,180.63,$/st,25,2,FOB,17-Jul,no,63
4,3,MI,,11,34,218,170.63,$/st,3125,2,FOB,17-Jul,yes,63
4,3,MI,,11,34,218,185,$/st,25,2,FOB,17-Jun,no,63
4,3,MI,,11,34,218,175.62,$/st,1600,2,FOB,17-Jun,no,63
4,3,MI,,11,34,218,180,$/st,3125,2,FOB,17-Jun,yes,63
4,3,MI,,11,34,218,175.63,$/st,200,2,FOB,17-Jul,yes,63
4,3,MI,,11,34,218,160.63,$/st,25,2,FOB,17-Jul,yes,63
4,3,MI,,11,34,218,165.63,$/st,25,2,FOB,17-Jul,no,63
4,3,MI,,11,34,218,175.63,$/st,675,2,FOB,17-Jul,no,63
4,3,MI,,11,34,218,185,$/st,25,2,FOB,17-Jun,yes,63
4,3,MI,,11,34,218,160.63,$/st,200,2,FOB,17-Jul,no,63
4,3,MI,,11,34,218,170.63,$/st,675,2,FOB,17-Jul,yes,63
4,3,MI,,11,34,218,180,$/st,25,2,FOB,17-Jun,yes,63
4,3,MI,,11,34,218,165,$/st,3125,2,FOB,17-Jun,yes,63
4,3,MI,,11,34,218,165.63,$/st,200,2,FOB,17-Jul,no,63
4,3,MI,,11,34,218,175,$/st,25,2,FOB,17-Jun,no,63
4,3,MI,,11,34,178,189.38,$/st,675,2,FOB,17-Jun,yes,63
4,3,MI,,11,34,178,140.63,$/st,675,2,FOB,17-Sep,no,63
4,3,MI,,11,34,178,163.25,$/st,200,2,FOB,17-Apr,yes,63
4,3,MI,,11,34,178,125.63,$/st,25,2,FOB,17-Sep,no,63
4,3,MI,,11,34,178,178.13,$/st,675,2,FOB,17-Jun,no,63
4,3,MI,,11,34,178,174.38,$/st,5400,2,FOB,17-Jun,no,63
4,3,MI,,11,34,178,185,$/st,675,2,FOB,17-Jul,yes,63
4,3,MI,,11,34,178,178.25,$/st,200,2,FOB,17-Apr,yes,63
4,3,MI,,11,34,178,145.63,$/st,200,2,FOB,17-Aug,yes,63
4,3,MI,,11,34,178,135.63,$/st,200,2,FOB,17-Aug,no,63
4,3,MI,,11,34,178,169.38,$/st,25,2,FOB,17-Jun,yes,63
4,3,MI,,11,34,178,185,$/st,675,2,FOB,17-Jul,no,63
4,3,MI,,11,34,178,183.25,$/st,25,2,FOB,17-Apr,yes,63
4,3,MI,,11,34,178,170,$/st,1600,2,FOB,17-Jul,yes,63
4,3,MI,,11,34,178,173.25,$/st,25,2,FOB,17-Apr,no,63
4,3,MI,,11,34,178,175,$/st,200,2,FOB,17-Jul,yes,63
4,3,MI,,11,34,178,175,$/st,200,2,FOB,17-Jul,yes,63
4,3,MI,,11,34,178,130.63,$/st,25,2,FOB,17-Sep,no,63
4,3,MI,,11,34,178,130.63,$/st,25,2,FOB,17-Aug,yes,63
4,3,MI,,11,34,178,165,$/st,1600,2,FOB,17-Jul,yes,63
4,3,MI,,11,34,178,125.63,$/st,200,2,FOB,17-Aug,yes,63
4,3,MI,,11,34,178,193.13,$/st,675,2,FOB,17-Jun,yes,63
4,3,MI,,11,34,178,183.13,$/st,25,2,FOB,17-Jun,yes,63
4,3,MI,,11,34,178,168.25,$/st,25,2,FOB,17-Apr,yes,63
4,3,MI,,11,34,178,179.38,$/st,200,2,FOB,17-Jun,yes,63
4,3,MI,,11,34,178,188.13,$/st,200,2,FOB,17-Jun,yes,63
4,3,MI,,11,34,178,165,$/st,25,2,FOB,17-Jul,no,63
4,3,MI,,11,34,178,145.63,$/st,25,2,FOB,17-Sep,no,63
4,3,MI,,11,34,178,135.63,$/st,200,2,FOB,17-Sep,yes,63
4,3,MI,,11,34,178,170,$/st,200,2,FOB,17-Jul,yes,63
4,3,MI,,11,34,178,180,$/st,200,2,FOB,17-Jul,yes,63
1,2,TX,,41,34,162,317,$/st,25,1,DEL,17-Feb,no,54
1,2,TX,,41,34,162,231,$/st,675,1,DEL,17-May,yes,54
1,2,TX,,41,34,162,310,$/st,3125,1,DEL,17-Jan,no,54
1,2,TX,,41,34,162,251,$/st,200,1,DEL,17-May,no,54
1,2,TX,,41,34,162,251,$/st,200,1,DEL,17-May,no,54
1,2,TX,,41,34,162,246,$/st,675,1,DEL,17-Jun,yes,54
1,2,TX,,41,34,162,312,$/st,25,1,DEL,17-Feb,no,54
1,2,TX,,41,34,162,231,$/st,200,1,DEL,17-May,no,54
1,2,TX,,41,34,162,320,$/st,25,1,DEL,17-Jan,no,54
1,2,TX,,41,34,162,268,$/st,200,1,DEL,17-Apr,no,54
1,2,TX,,41,34,162,226,$/st,200,1,DEL,17-Jun,no,54
1,2,TX,,41,34,162,246,$/st,200,1,DEL,17-May,yes,54
1,2,TX,,41,34,162,231,$/st,675,1,DEL,17-Jun,no,54
1,2,TX,,41,34,162,312,$/st,5400,1,DEL,17-Feb,yes,54
1,2,TX,,41,34,162,302,$/st,200,1,DEL,17-Feb,no,54
1,2,TX,,41,34,162,300,$/st,200,1,DEL,17-Jan,no,54
1,2,TX,,41,34,162,231,$/st,25,1,DEL,17-May,yes,54
1,2,TX,,41,34,162,236,$/st,675,1,DEL,17-Jun,yes,54
1,2,TX,,41,34,162,263,$/st,675,1,DEL,17-Apr,yes,54
1,2,TX,,41,34,162,302,$/st,675,1,DEL,17-Feb,yes,54
1,2,TX,,41,34,162,322,$/st,200,1,DEL,17-Feb,no,54
1,2,TX,,41,34,162,315,$/st,200,1,DEL,17-Jan,yes,54
1,2,TX,,41,34,162,322,$/st,25,1,DEL,17-Feb,no,54
1,2,TX,,41,34,162,241,$/st,200,1,DEL,17-May,yes,54
1,2,TX,,41,34,162,241,$/st,200,1,DEL,17-May,yes,54
1,2,TX,,41,34,162,305,$/st,675,1,DEL,17-Jan,yes,54
1,2,TX,,41,34,162,236,$/st,25,1,DEL,17-May,yes,54
1,2,TX,,41,34,162,241,$/st,200,1,DEL,17-Jun,no,54
1,2,TX,,41,34,162,253,$/st,25,1,DEL,17-Apr,yes,54
1,2,TX,,41,34,162,236,$/st,675,1,DEL,17-May,yes,54
1,2,TX,,41,34,162,273,$/st,25,1,DEL,17-Apr,no,54
1,2,TX,,41,34,162,246,$/st,5400,1,DEL,17-May,yes,54
1,2,TX,,41,38,276,202,$/st,675,1,DEL,17-May,no,54
1,2,TX,,41,38,276,216,$/st,1600,1,DEL,17-Apr,no,54
1,2,TX,,41,38,276,220,$/st,25,1,DEL,17-May,yes,54
1,2,TX,,41,38,276,214,$/st,200,1,DEL,17-Apr,no,54
1,2,TX,,41,38,276,228,$/st,25,1,DEL,17-Feb,no,54
1,2,TX,,41,38,276,248,$/st,25,1,DEL,17-Mar,no,54
1,2,TX,,41,38,276,195,$/st,675,1,DEL,17-Jun,no,54
1,2,TX,,41,38,276,237,$/st,675,1,DEL,17-Apr,no,54
1,2,TX,,41,38,276,175,$/st,3125,1,DEL,17-Jun,yes,54
1,2,TX,,41,38,276,222,$/st,25,1,DEL,17-Feb,yes,54
1,2,TX,,41,38,276,222,$/st,25,1,DEL,17-Mar,yes,54
1,2,TX,,41,38,276,209,$/st,25,1,DEL,17-May,no,54
1,2,TX,,41,38,276,227,$/st,25,1,DEL,17-Mar,no,54
1,2,TX,,41,38,276,217,$/st,25,1,DEL,17-Feb,no,54
1,2,TX,,41,38,276,232,$/st,675,1,DEL,17-Feb,no,54
1,2,TX,,41,38,276,204,$/st,200,1,DEL,17-Apr,no,54
1,2,TX,,41,38,276,212,$/st,200,1,DEL,17-Feb,no,54
1,2,TX,,41,38,276,215,$/st,200,1,DEL,17-May,no,54
1,2,TX,,41,38,276,219,$/st,675,1,DEL,17-May,yes,54
1,2,TX,,41,38,276,215,$/st,200,1,DEL,17-May,no,54
1,2,TX,,41,38,276,213,$/st,200,1,DEL,17-Feb,yes,54
1,2,TX,,41,38,276,223,$/st,675,1,DEL,17-Mar,no,54